raw	trimmed	proper_pair	mitochondrial	duplicates	clean	cut_sites	cut_sites_in_peak	frip
KOF1	61133780	61095926	57231655	1630139	13256662	43536253	87072506	47299949	0.543224849873966
KOF2	65398057	65352003	57781353	1183803	15985801	41420029	82840058	44347312	0.535336563863825
KOM1	69737044	69693240	65591335	1672318	16032539	49107300	98214600	59523778	0.606058345704203
KOM2	72540186	72496743	50784762	1667307	19060962	31305429	62610858	30212389	0.482542325166667
WTF1	66473057	66426283	57824802	3260333	18028648	39182638	78365276	38156616	0.486907185779579
WTF2	65394705	65352345	59700950	1480479	15432853	43833463	87666926	48330514	0.551297007950296
WTM1	60505876	60470623	58023945	672999	13730182	44012150	88024300	54551622	0.61973366445402
WTM2	72044673	71999169	64974800	2137925	16936320	47514399	95028798	56577945	0.595376835135808
